uuid,room,image,Team,session,prompt,name,iteration,duration_ms,intention,notes,bodyTags,favorite,customTags,Comment
dfb507cd-247e-4d19-95de-7a8317031673,4ec34f34-97f9-44b5-bc53-1a321aaaaa33,"<img src=""assets/img/dfb507cd-247e-4d19-95de-7a8317031673.png"" alt=""tacton image"" />",3,2,sliding on a zipline,sliding_gab,1,1156,-,-,-,0,-,
bd57b707-b221-4701-94a9-0990f1c1ab78,4ec34f34-97f9-44b5-bc53-1a321aaaaa12,"<img src=""assets/img/bd57b707-b221-4701-94a9-0990f1c1ab78.png"" alt=""tacton image"" />",1,1,-,eating,1,1865,-,-,-,0,-,
d5325449-dc32-415d-95fa-0d8a9d873d23,4ec34f34-97f9-44b5-bc53-1a321aaaaa11,"<img src=""assets/img/d5325449-dc32-415d-95fa-0d8a9d873d23.png"" alt=""tacton image"" />",1,1,-,promt2,1,3123,-,-,-,0,-,
3a8b9128-489f-41af-bfd5-af52e4552b67,4ec34f34-97f9-44b5-bc53-1a321aaaaa11,"<img src=""assets/img/3a8b9128-489f-41af-bfd5-af52e4552b67.png"" alt=""tacton image"" />",1,1,-,promt2,2,2921,-,-,-,0,-,
11d185d9-1e86-4e20-8261-8f1ae00b4725,4ec34f34-97f9-44b5-bc53-1a321aaaaa42,"<img src=""assets/img/11d185d9-1e86-4e20-8261-8f1ae00b4725.png"" alt=""tacton image"" />",4,1,-,severin test 3,1,7607,-,-,-,0,-,Learning the system
d0f3bb99-bacf-4c4c-862e-1e3983d9150e,4ec34f34-97f9-44b5-bc53-1a321aaaaa33,"<img src=""assets/img/d0f3bb99-bacf-4c4c-862e-1e3983d9150e.png"" alt=""tacton image"" />",3,2,sliding on a zipline,sliding_gab,2,496,-,-,-,0,-,
2b13ac47-d226-43e2-b9b8-b0428f7c03c5,4ec34f34-97f9-44b5-bc53-1a321aaaaa33,"<img src=""assets/img/2b13ac47-d226-43e2-b9b8-b0428f7c03c5.png"" alt=""tacton image"" />",3,2,sliding on a zipline,sliding_gab,3,945,-,-,-,0,-,
53573529-e317-4e51-9030-8e0d2b59b81e,4ec34f34-97f9-44b5-bc53-1a321aaaaa33,"<img src=""assets/img/53573529-e317-4e51-9030-8e0d2b59b81e.png"" alt=""tacton image"" />",3,4,-,sliding_gab,4,5774,-,-,-,0,-,Testing after server crash
64f03be6-de9c-49a7-bcac-bb6c162d3fc1,4ec34f34-97f9-44b5-bc53-1a321aaaaa33,"<img src=""assets/img/64f03be6-de9c-49a7-bcac-bb6c162d3fc1.png"" alt=""tacton image"" />",3,4,using a powerwash,sliding_gab,5,9658,-,-,-,0,-,
b13875b3-8901-43ca-a339-d5aec3b9b1c6,4ec34f34-97f9-44b5-bc53-1a321aaaaa33,"<img src=""assets/img/b13875b3-8901-43ca-a339-d5aec3b9b1c6.png"" alt=""tacton image"" />",3,4,using a powerwash,sliding_gab,6,9455,-,-,-,0,-,
70a67cca-f279-4508-bafd-bcb6277aa2a2,4ec34f34-97f9-44b5-bc53-1a321aaaaa11,"<img src=""assets/img/70a67cca-f279-4508-bafd-bcb6277aa2a2.png"" alt=""tacton image"" />",1,1,-,team_1,1,3494,-,-,-,0,-,
8db86b6b-fbb9-4b18-8a25-55a68122e69e,4ec34f34-97f9-44b5-bc53-1a321aaaaa11,"<img src=""assets/img/8db86b6b-fbb9-4b18-8a25-55a68122e69e.png"" alt=""tacton image"" />",1,1,-,team_1,2,5716,-,-,-,0,-,
ff4ca6dc-363a-4a9a-a33b-d011a42766aa,4ec34f34-97f9-44b5-bc53-1a321aaaaa11,"<img src=""assets/img/ff4ca6dc-363a-4a9a-a33b-d011a42766aa.png"" alt=""tacton image"" />",1,1,-,team_1,3,1047,-,-,-,0,-,
b56d9e6b-db9a-4a7e-bacf-7fda8d3d89b3,4ec34f34-97f9-44b5-bc53-1a321aaaaa21,"<img src=""assets/img/b56d9e6b-db9a-4a7e-bacf-7fda8d3d89b3.png"" alt=""tacton image"" />",2,2,-,team_2,1,388,-,-,-,0,-,"Prompt not identifiable through video review, Probably just a test/accidental recording"
c811be2f-d41e-4019-b793-d511a61797ae,4ec34f34-97f9-44b5-bc53-1a321aaaaa21,"<img src=""assets/img/c811be2f-d41e-4019-b793-d511a61797ae.png"" alt=""tacton image"" />",2,2,-,team_2,2,1337,-,-,-,0,-,"Prompt not identifiable through video review, Probably just a test/accidental recording"
b63b21e3-6f9f-418d-8b01-9303aeb98c81,4ec34f34-97f9-44b5-bc53-1a321aaaaa23,"<img src=""assets/img/b63b21e3-6f9f-418d-8b01-9303aeb98c81.png"" alt=""tacton image"" />",2,1,-,team_2-p_2,1,2430,test,-,-,0,-,Prompt not identifiable through video review
ce169472-07ad-463f-ab1a-df0a26d3962b,4ec34f34-97f9-44b5-bc53-1a321aaaaa21,"<img src=""assets/img/ce169472-07ad-463f-ab1a-df0a26d3962b.png"" alt=""tacton image"" />",2,1,-,team_2-p_2,2,2430,-,-,-,0,-,Prompt not identifiable through video review
2cb8f9ff-8454-485d-9129-fd71ca329275,4ec34f34-97f9-44b5-bc53-1a321aaaaa23,"<img src=""assets/img/2cb8f9ff-8454-485d-9129-fd71ca329275.png"" alt=""tacton image"" />",2,2,petting a dog,team_2-p_2,3,1748,-,-,-,0,-,
27709cbe-d00c-4307-9c24-134655ab8a23,4ec34f34-97f9-44b5-bc53-1a321aaaaa23,"<img src=""assets/img/27709cbe-d00c-4307-9c24-134655ab8a23.png"" alt=""tacton image"" />",2,2,petting a dog,team_2-p_2,4,1740,-,-,-,0,-,
7cff7b0a-3907-4790-80a8-84dfcb8a5a79,4ec34f34-97f9-44b5-bc53-1a321aaaaa21,"<img src=""assets/img/7cff7b0a-3907-4790-80a8-84dfcb8a5a79.png"" alt=""tacton image"" />",2,3,-,team_2-p_2,5,2430,-,-,-,0,-,Prompt not identifiable through video review
ecb6a21d-1406-4ed4-8443-dba1905c69d6,4ec34f34-97f9-44b5-bc53-1a321aaaaa31,"<img src=""assets/img/ecb6a21d-1406-4ed4-8443-dba1905c69d6.png"" alt=""tacton image"" />",3,1,-,team_3,1,3026,-,-,-,0,-,"Cant identify prompt in video, probably just testing, because these were the first recorded tactons"
b3013fee-58ea-43b5-9c42-6d6b1b725379,4ec34f34-97f9-44b5-bc53-1a321aaaaa31,"<img src=""assets/img/b3013fee-58ea-43b5-9c42-6d6b1b725379.png"" alt=""tacton image"" />",3,1,-,team_3,2,3036,-,-,-,0,-,"Cant identify prompt in video, probably just testing, because these were the first recorded tactons"
c0363764-6063-4b1f-82b6-b6628fb56d12,4ec34f34-97f9-44b5-bc53-1a321aaaaa31,"<img src=""assets/img/c0363764-6063-4b1f-82b6-b6628fb56d12.png"" alt=""tacton image"" />",3,1,-,team_3,3,7009,-,-,-,0,-,"Cant identify prompt in video, probably just testing, because these were the first recorded tactons"
c987d0a5-901f-4889-a34e-cf043cd2b86e,4ec34f34-97f9-44b5-bc53-1a321aaaaa31,"<img src=""assets/img/c987d0a5-901f-4889-a34e-cf043cd2b86e.png"" alt=""tacton image"" />",3,1,-,team_3,4,8144,-,-,-,0,-,"Cant identify prompt in video, probably just testing, because these were the first recorded tactons"
36d54be3-e7dc-4f91-9447-361cb8d4f022,4ec34f34-97f9-44b5-bc53-1a321aaaaa31,"<img src=""assets/img/36d54be3-e7dc-4f91-9447-361cb8d4f022.png"" alt=""tacton image"" />",3,1,-,team_3,5,9768,-,-,-,0,-,"Cant identify prompt in video, probably just testing, because these were the first recorded tactons"
c08498cd-b76a-4220-95b8-bd1ba378ca06,4ec34f34-97f9-44b5-bc53-1a321aaaaa31,"<img src=""assets/img/c08498cd-b76a-4220-95b8-bd1ba378ca06.png"" alt=""tacton image"" />",3,1,-,team_3,6,8782,-,-,-,0,-,"Cant identify prompt in video, probably just testing, because these were the first recorded tactons"
8044e62b-eea8-447e-8e76-cc90cc261726,4ec34f34-97f9-44b5-bc53-1a321aaaaa31,"<img src=""assets/img/8044e62b-eea8-447e-8e76-cc90cc261726.png"" alt=""tacton image"" />",3,1,-,team_3,7,3531,-,-,-,0,-,"Cant identify prompt in video, probably just testing, because these were the first recorded tactons"
72b1e443-6869-4855-a6aa-9ef0079ee91e,4ec34f34-97f9-44b5-bc53-1a321aaaaa33,"<img src=""assets/img/72b1e443-6869-4855-a6aa-9ef0079ee91e.png"" alt=""tacton image"" />",3,1,-,team_3-p_2,1,9219,Testing the system,-,-,0,-,
e0395b63-c511-472d-915c-b834ac3c00a5,4ec34f34-97f9-44b5-bc53-1a321aaaaa33,"<img src=""assets/img/e0395b63-c511-472d-915c-b834ac3c00a5.png"" alt=""tacton image"" />",3,1,-,team_3-p_2,2,8521,Testing the system,-,-,0,-,
086abf81-9a7a-4f93-ab2c-beff8ca03ab2,4ec34f34-97f9-44b5-bc53-1a321aaaaa33,"<img src=""assets/img/086abf81-9a7a-4f93-ab2c-beff8ca03ab2.png"" alt=""tacton image"" />",3,1,-,team_3-p_2,3,8959,Testing the system,-,-,0,-,
b09cb9ae-cf68-4241-94ee-5dda81aa9ec9,4ec34f34-97f9-44b5-bc53-1a321aaaaa33,"<img src=""assets/img/b09cb9ae-cf68-4241-94ee-5dda81aa9ec9.png"" alt=""tacton image"" />",3,1,-,team_3-p_2,4,9231,Testing the system,-,-,0,-,
75146f58-4ce4-4864-a99f-53bdfe016ee7,4ec34f34-97f9-44b5-bc53-1a321aaaaa31,"<img src=""assets/img/75146f58-4ce4-4864-a99f-53bdfe016ee7.png"" alt=""tacton image"" />",3,1,-,team_3-p_2,5,9053,Testing the system,-,-,0,-,
82dee5b6-3aa0-4730-b157-6eaa356647d5,4ec34f34-97f9-44b5-bc53-1a321aaaaa33,"<img src=""assets/img/82dee5b6-3aa0-4730-b157-6eaa356647d5.png"" alt=""tacton image"" />",3,1,-,team_3-p_2,6,9161,Testing the system,-,-,0,-,
60959c91-c623-4b67-9c89-65d7198f7968,4ec34f34-97f9-44b5-bc53-1a321aaaaa33,"<img src=""assets/img/60959c91-c623-4b67-9c89-65d7198f7968.png"" alt=""tacton image"" />",3,1,-,team_3-p_2,7,8988,Testing the system,-,-,0,-,
30cb5ddd-3ce5-4618-aa1a-d38d65f78c39,4ec34f34-97f9-44b5-bc53-1a321aaaaa33,"<img src=""assets/img/30cb5ddd-3ce5-4618-aa1a-d38d65f78c39.png"" alt=""tacton image"" />",3,1,-,team_3-p_2,8,8227,Testing the system,-,-,0,-,
40a5face-6d9d-4580-98ce-112281c77fee,4ec34f34-97f9-44b5-bc53-1a321aaaaa33,"<img src=""assets/img/40a5face-6d9d-4580-98ce-112281c77fee.png"" alt=""tacton image"" />",3,1,-,team_3-p_2,9,9968,Testing the system,-,-,0,-,
08091622-e234-4114-a671-e905bb729aa7,4ec34f34-97f9-44b5-bc53-1a321aaaaa33,"<img src=""assets/img/08091622-e234-4114-a671-e905bb729aa7.png"" alt=""tacton image"" />",3,1,-,team_3-p_2,10,9358,Testing the system,-,-,0,-,
9d180c2d-54fd-4759-ae23-22f7041abae1,4ec34f34-97f9-44b5-bc53-1a321aaaaa33,"<img src=""assets/img/9d180c2d-54fd-4759-ae23-22f7041abae1.png"" alt=""tacton image"" />",3,1,-,team_3-p_2,11,8319,Testing the system,-,-,0,-,
fd259637-4142-446b-afde-2e37f56506af,4ec34f34-97f9-44b5-bc53-1a321aaaaa33,"<img src=""assets/img/fd259637-4142-446b-afde-2e37f56506af.png"" alt=""tacton image"" />",3,2,sliding on a zipline,team_3-p_2,12,8346,-,-,-,0,-,
d68f42b8-5ee9-4a65-b1ba-228510e02cd8,4ec34f34-97f9-44b5-bc53-1a321aaaaa33,"<img src=""assets/img/d68f42b8-5ee9-4a65-b1ba-228510e02cd8.png"" alt=""tacton image"" />",3,2,sliding on a zipline,team_3-p_2,13,6609,-,-,-,0,-,
1d2c2c87-dc09-4fbf-93bc-1369822d4eed,4ec34f34-97f9-44b5-bc53-1a321aaaaa42,"<img src=""assets/img/1d2c2c87-dc09-4fbf-93bc-1369822d4eed.png"" alt=""tacton image"" />",4,1,-,team_4-p_1,1,7351,-,-,-,0,-,Learning the system
500573ba-9b9b-4825-a3b7-336ba77f7e76,4ec34f34-97f9-44b5-bc53-1a321aaaaa42,"<img src=""assets/img/500573ba-9b9b-4825-a3b7-336ba77f7e76.png"" alt=""tacton image"" />",4,1,-,team_4-p_1,2,9197,-,-,-,0,-,Learning the system
d968414d-7ae9-4c6f-9da9-21740d5dd49f,4ec34f34-97f9-44b5-bc53-1a321aaaaa42,"<img src=""assets/img/d968414d-7ae9-4c6f-9da9-21740d5dd49f.png"" alt=""tacton image"" />",4,1,-,team_4-p_1,3,9007,-,-,-,0,-,Learning the system
2c45bc8b-e39e-4fbc-a097-20cdcf55ecec,4ec34f34-97f9-44b5-bc53-1a321aaaaa42,"<img src=""assets/img/2c45bc8b-e39e-4fbc-a097-20cdcf55ecec.png"" alt=""tacton image"" />",4,2,sliding on a zipline,team_4-p_1,4,4142,-,-,-,0,-,
040b84e5-85fb-41d4-bcc0-febcf0d0cd2a,4ec34f34-97f9-44b5-bc53-1a321aaaaa43,"<img src=""assets/img/040b84e5-85fb-41d4-bcc0-febcf0d0cd2a.png"" alt=""tacton image"" />",4,1,-,team_4-p_2,1,6684,-,-,-,0,-,Learning the system
b8f1f903-4a21-474f-873a-86a83e21625a,4ec34f34-97f9-44b5-bc53-1a321aaaaa43,"<img src=""assets/img/b8f1f903-4a21-474f-873a-86a83e21625a.png"" alt=""tacton image"" />",4,2,-,team_4-p_2,3,1211,-,-,-,0,-,Probably just a test
48762557-4a8e-45bf-92ea-1db08dc1c825,4ec34f34-97f9-44b5-bc53-1a321aaaaa21,"<img src=""assets/img/48762557-4a8e-45bf-92ea-1db08dc1c825.png"" alt=""tacton image"" />",2,3,applying a bandage,16 apply bandage,1,3503,creating the experience of a rap around bandage and have a repeating circular motion around the forearm. the pressure (vibration) is higher in the beginning when placing the first bit of the bandage and then increases over the three raps.,wrap around actuators around left forearm. with one starting in the middle inside underneath the wrist and working its way around in the direction of the little finger.,left forearm,0,-,REVIEW TACTON T2-S3-2
7668e50d-ae2b-41a2-9ad7-580866a27b27,4ec34f34-97f9-44b5-bc53-1a321aaaaa21,"<img src=""assets/img/7668e50d-ae2b-41a2-9ad7-580866a27b27.png"" alt=""tacton image"" />",2,3,applying a bandage,16 applying a bandage,1,3558,-,-,-,0,-,
5718b65d-61b8-48ce-9ab9-9ee3a08567af,4ec34f34-97f9-44b5-bc53-1a321aaaaa41,"<img src=""assets/img/5718b65d-61b8-48ce-9ab9-9ee3a08567af.png"" alt=""tacton image"" />",4,3,applying a bandage,bandage,1,8699,-,-,-,0,-,
0bd57e81-b67c-4d3d-b402-edcf51af0d46,4ec34f34-97f9-44b5-bc53-1a321aaaaa41,"<img src=""assets/img/0bd57e81-b67c-4d3d-b402-edcf51af0d46.png"" alt=""tacton image"" />",4,3,applying a bandage,bandage,2,4299,-,-,-,0,-,
d0552a4a-0cdb-4378-a273-9e2070b8342b,4ec34f34-97f9-44b5-bc53-1a321aaaaa41,"<img src=""assets/img/d0552a4a-0cdb-4378-a273-9e2070b8342b.png"" alt=""tacton image"" />",4,3,applying a bandage,bandage,3,536,-,-,-,0,-,
9404b459-99ab-46bb-8cf3-038385e0e032,4ec34f34-97f9-44b5-bc53-1a321aaaaa41,"<img src=""assets/img/9404b459-99ab-46bb-8cf3-038385e0e032.png"" alt=""tacton image"" />",4,3,applying a bandage,bandage,4,740,-,-,-,0,-,
09182648-0d7c-46b6-9f49-c131cf8f9712,4ec34f34-97f9-44b5-bc53-1a321aaaaa41,"<img src=""assets/img/09182648-0d7c-46b6-9f49-c131cf8f9712.png"" alt=""tacton image"" />",4,3,applying a bandage,bandage,5,1094,"trying to recreate the circular motion of the bandage around the arm
through many tactons in a fluent position",1234 are around the wrist,left forearm,1,left forearm,REVIEW TACTON T4-S3-1
28e9c690-8034-4d6a-a291-f1eda9b889d8,4ec34f34-97f9-44b5-bc53-1a321aaaaa31,"<img src=""assets/img/28e9c690-8034-4d6a-a291-f1eda9b889d8.png"" alt=""tacton image"" />",3,2,climbing a furry beast,climbing_furry_beast,1,10001,"I placed my tactons on my arm (two along the arm and two along the wrist), and it signifies that the character is climbing on the back of the furry beast and gradually reaching to the head. I use gentle and gradually changing vibration to express the furriness",would prefer if the amplitude can be smaller,"right upper arm,left upper arm,left hand,right hand",0,-,REVIEW TACTON T3-S3-1
652731d0-575c-49b1-a3c4-e22e8a05a50e,4ec34f34-97f9-44b5-bc53-1a321aaaaa41,"<img src=""assets/img/652731d0-575c-49b1-a3c4-e22e8a05a50e.png"" alt=""tacton image"" />",4,2,collaborative wall climb,climbing on a wall,1,7517,"mimic the constant stress of it and the heavy work the muscles in the shoulders and chest have to do.
transmitters 3 and 4 are supposed to communicate the stress physically and mentally in this situation
the shoulder ones should show the constant contact of the shoulders of the two men","1 on the left shoulder
2 on the right shoulder
3 in the neck on the spine
4 on the chestbone","left shoulder,right shoulder,chest,back",1,-,REVIEW TACTON T4-S3-2
f24aaad6-2f6a-4e1c-a59b-35716a915e6e,4ec34f34-97f9-44b5-bc53-1a321aaaaa21,"<img src=""assets/img/f24aaad6-2f6a-4e1c-a59b-35716a915e6e.png"" alt=""tacton image"" />",2,1,drinking,drinking,1,1580,-,-,-,0,-,
481b5cea-62ab-47b8-a7c5-c31dc4b0f3d1,4ec34f34-97f9-44b5-bc53-1a321aaaaa21,"<img src=""assets/img/481b5cea-62ab-47b8-a7c5-c31dc4b0f3d1.png"" alt=""tacton image"" />",2,1,drinking,drinking,2,5685,"drinking big and loud gulps, 
smashing the glass back on the table,
the vibration travels along the palm towards the mouth, like bringing the glass and liquid towards the mouth,","it probably could be more subtle and smooth, maybe an overlap would be beneficial. so even so lowest vibration was a bit too much.",RightHand,0,palm,
c2ad8e5b-e022-4d49-971c-ce516ade3fcf,4ec34f34-97f9-44b5-bc53-1a321aaaaa12,"<img src=""assets/img/c2ad8e5b-e022-4d49-971c-ce516ade3fcf.png"" alt=""tacton image"" />",1,1,drinking,drinking,3,9617,-,-,-,0,-,
31718d64-cbf3-400d-88a5-ff5660ddbffc,4ec34f34-97f9-44b5-bc53-1a321aaaaa12,"<img src=""assets/img/31718d64-cbf3-400d-88a5-ff5660ddbffc.png"" alt=""tacton image"" />",1,1,drinking,drinking,4,9617,-,-,-,0,-,
63a6e6ad-6649-4ec0-a3c1-841c31897668,4ec34f34-97f9-44b5-bc53-1a321aaaaa12,"<img src=""assets/img/63a6e6ad-6649-4ec0-a3c1-841c31897668.png"" alt=""tacton image"" />",1,1,drinking,drinking,5,9931,-,-,-,0,-,
a9f5cf9c-e41d-4554-9787-0cf5b3fcefc8,4ec34f34-97f9-44b5-bc53-1a321aaaaa12,"<img src=""assets/img/a9f5cf9c-e41d-4554-9787-0cf5b3fcefc8.png"" alt=""tacton image"" />",1,1,drinking,drinking,6,9474,-,-,-,0,-,
c914d6f2-dbd5-4f3f-8f4d-4ef0822b87fa,4ec34f34-97f9-44b5-bc53-1a321aaaaa12,"<img src=""assets/img/c914d6f2-dbd5-4f3f-8f4d-4ef0822b87fa.png"" alt=""tacton image"" />",1,1,drinking,drinking,7,9716,-,-,-,0,-,
040ea115-7e08-42eb-818e-8314a4c637a0,4ec34f34-97f9-44b5-bc53-1a321aaaaa11,"<img src=""assets/img/040ea115-7e08-42eb-818e-8314a4c637a0.png"" alt=""tacton image"" />",1,1,drinking,drinking,8,2654,-,-,-,0,-,
4958b3d0-41fe-4307-8656-5ddd8738df23,4ec34f34-97f9-44b5-bc53-1a321aaaaa11,"<img src=""assets/img/4958b3d0-41fe-4307-8656-5ddd8738df23.png"" alt=""tacton image"" />",1,1,drinking,drinking,9,4543,-,-,-,0,-,
5c5ec24c-76d9-4c19-81d7-af07c8982cce,4ec34f34-97f9-44b5-bc53-1a321aaaaa21,"<img src=""assets/img/5c5ec24c-76d9-4c19-81d7-af07c8982cce.png"" alt=""tacton image"" />",2,2,electric shock in the forearm,electric_shock_in_the_forearm,2,5641,-,-,-,0,-,
32459370-43f7-4515-b4d7-47251210a1d3,4ec34f34-97f9-44b5-bc53-1a321aaaaa32,"<img src=""assets/img/32459370-43f7-4515-b4d7-47251210a1d3.png"" alt=""tacton image"" />",3,2,flying in the sky,flying_in_the_sky,1,7687,-,-,-,0,-,
b9bf635c-0fe4-4829-b049-b35bb5b42f81,4ec34f34-97f9-44b5-bc53-1a321aaaaa32,"<img src=""assets/img/b9bf635c-0fe4-4829-b049-b35bb5b42f81.png"" alt=""tacton image"" />",3,2,flying in the sky,flying_in_the_sky,2,10000,-,-,-,0,-,
8550a52e-6652-402b-a2f8-a5d354e1dac1,4ec34f34-97f9-44b5-bc53-1a321aaaaa32,"<img src=""assets/img/8550a52e-6652-402b-a2f8-a5d354e1dac1.png"" alt=""tacton image"" />",3,2,flying in the sky,flying_in_the_sky,3,9730,-,-,-,0,-,
08c99fb7-879a-488c-9de9-78f71096bb20,4ec34f34-97f9-44b5-bc53-1a321aaaaa31,"<img src=""assets/img/08c99fb7-879a-488c-9de9-78f71096bb20.png"" alt=""tacton image"" />",3,2,flying in the sky,flying_in_the_sky,4,9916,"for everything in the flying_in_the_sky group, i just use two tactons that is placed in the left and right side of my wrist to create that spatial mapping of the wings, and they can sometimes be synchronous flapping (haptics), and sometimes the left wing/right wing flaps first, also indicating some direction change. the wind is very big and the character flies up in the clouds so it is gentle and relaxing, not very rapid flapping. i tried to add some gradient in vibration too",-,-,0,-,
801696d9-a4e8-4855-950c-efe04858984e,4ec34f34-97f9-44b5-bc53-1a321aaaaa31,"<img src=""assets/img/801696d9-a4e8-4855-950c-efe04858984e.png"" alt=""tacton image"" />",3,2,flying in the sky,flying_in_the_sky,5,10001,-,-,-,0,-,
6177c95c-1edb-47d6-bda9-aee13c516e2a,4ec34f34-97f9-44b5-bc53-1a321aaaaa22,"<img src=""assets/img/6177c95c-1edb-47d6-bda9-aee13c516e2a.png"" alt=""tacton image"" />",2,2,flying in the sky,flying_in_the_sky_v1,1,8066,"flying in the sky, placed under arms to simulate wing musculature movement, flapping arms up and down in order to glide in sky","similar lenghs on highest setting to simulate high alitudes and string winds in the sky, fighting against winds","left upper arm,left forearm,right upper arm,right forearm",0,-,
8957c4c5-0e50-43f7-b43e-2cf5f43e3479,4ec34f34-97f9-44b5-bc53-1a321aaaaa21,"<img src=""assets/img/8957c4c5-0e50-43f7-b43e-2cf5f43e3479.png"" alt=""tacton image"" />",2,2,flying in the sky,flying_in_the_sky_v1,2,8066,-,-,-,0,-,
26174be5-7152-4ebe-8953-7e5f23a5f8c2,4ec34f34-97f9-44b5-bc53-1a321aaaaa22,"<img src=""assets/img/26174be5-7152-4ebe-8953-7e5f23a5f8c2.png"" alt=""tacton image"" />",2,2,flying in the sky,flying_in_the_sky_v2,1,7800,"simulating ascend into the sky, start on lower intensity, short flaps with inner (upper arm) wings, then power off with outer wings (lower forearm), gradually up intensity of vibrations to achieve feeling of fighting against gravity, stronger winds, lifting off, gaining momentum, thrust","important to actually move arms with the vibration patterns to simulate fluidity of movement
using a little bit of overlap generally achieves a more believable feeling of fluidity in tactons vs. very abrupt pattern with breaks in between","left upper arm,left forearm,right upper arm,right forearm",0,-,
2e80f729-1521-4088-ac9f-614e42b84d11,4ec34f34-97f9-44b5-bc53-1a321aaaaa41,"<img src=""assets/img/2e80f729-1521-4088-ac9f-614e42b84d11.png"" alt=""tacton image"" />",4,3,hugging someone,hugging someone,1,8856,We wanted to simulate the feeling of someone coming close and the emotional dimension of the hug,"1 on the soft part where the chest meets the belly
2 on the side of the neck


feels very warm and fuzzy","chest,head",1,left side of neck,
b0b22778-e24a-471c-9e0b-bb9a04f230b2,4ec34f34-97f9-44b5-bc53-1a321aaaaa41,"<img src=""assets/img/b0b22778-e24a-471c-9e0b-bb9a04f230b2.png"" alt=""tacton image"" />",4,3,hugging someone,hugging someone,2,8856,We wanted to simulate the feeling of someone coming close and the emotional dimension of the hug,"1 on the soft part where the chest meets the belly
2 on the side of the neck


feels very warm and fuzzy","chest,head",0,left side of neck,REVIEW TACTON T4-S3-4
b6e9f9d0-c760-4370-aff7-26a3e23d85c0,4ec34f34-97f9-44b5-bc53-1a321aaaaa41,"<img src=""assets/img/b6e9f9d0-c760-4370-aff7-26a3e23d85c0.png"" alt=""tacton image"" />",4,3,hugging someone,hugging someone,3,111,-,-,-,0,-,
8ffcd11c-09c1-401e-86ef-24f0c307e329,4ec34f34-97f9-44b5-bc53-1a321aaaaa41,"<img src=""assets/img/8ffcd11c-09c1-401e-86ef-24f0c307e329.png"" alt=""tacton image"" />",4,3,hugging someone,hugging someone,4,9952,"simulate the heartbeat of another person
we did it with the keyboard to keep it rhythmically",3 right on the heart,chest,1,heart,REVIEW TACTON T4-S3-5
81a8cc5b-089f-43c9-bda6-2e0c837540f8,4ec34f34-97f9-44b5-bc53-1a321aaaaa21,"<img src=""assets/img/81a8cc5b-089f-43c9-bda6-2e0c837540f8.png"" alt=""tacton image"" />",2,3,jumping on clouds,5jumpingclouds,1,8793,-,-,-,0,-,
3c9457b0-881d-4d34-a332-27729acb232a,4ec34f34-97f9-44b5-bc53-1a321aaaaa21,"<img src=""assets/img/3c9457b0-881d-4d34-a332-27729acb232a.png"" alt=""tacton image"" />",2,3,jumping on clouds,5jumpingclouds,2,7028,-,-,-,0,-,
fe9d7aa5-ac5d-4812-b941-9eb8ff7f8b1e,4ec34f34-97f9-44b5-bc53-1a321aaaaa21,"<img src=""assets/img/fe9d7aa5-ac5d-4812-b941-9eb8ff7f8b1e.png"" alt=""tacton image"" />",2,3,jumping on clouds,5jumpingclouds,3,7028,both feet simultaneously. higher intensity on clouds than mid air,"actuators on top of feet, left and right, each two.",-,1,"leftTopof Foot,rightTopofFoot",REVIEW TACTON T2-S3-3 - Tactons seems different than in miro
46d13134-ecaa-4b14-94e7-f37cdfb9bfd6,4ec34f34-97f9-44b5-bc53-1a321aaaaa11,"<img src=""assets/img/46d13134-ecaa-4b14-94e7-f37cdfb9bfd6.png"" alt=""tacton image"" />",1,2,jumping on clouds,cloud jumping,1,2336,-,-,-,0,-,
71af1c44-5255-4884-9a3c-6d2b5556f774,4ec34f34-97f9-44b5-bc53-1a321aaaaa11,"<img src=""assets/img/71af1c44-5255-4884-9a3c-6d2b5556f774.png"" alt=""tacton image"" />",1,2,jumping on clouds,cloud jumping,2,1441,-,-,-,0,-,
c51d6e3e-7320-4697-8869-eafacb8595ca,4ec34f34-97f9-44b5-bc53-1a321aaaaa11,"<img src=""assets/img/c51d6e3e-7320-4697-8869-eafacb8595ca.png"" alt=""tacton image"" />",1,2,jumping on clouds,cloud jumping,3,1734,-,-,-,0,-,
f7167f64-53cd-4b4a-a87c-2464bc9c95a1,4ec34f34-97f9-44b5-bc53-1a321aaaaa11,"<img src=""assets/img/f7167f64-53cd-4b4a-a87c-2464bc9c95a1.png"" alt=""tacton image"" />",1,2,jumping on clouds,cloud jumping,4,1942,"highlighting the jumping moment starting from the foot and adding the arms like when one is jumping in real life, the arms are lifted up to gain momentum, placement: on foot (sole) and 3 actuators on forearm","next steps: improve timing precision, intensity developments from lower arm to hand actuator, what if actuators placed on muscle groups used to jump? (but/ calf), placement on foot (one more? where do you feel most/ best?)","left forearm,left lower leg",0,-,
d25ba43e-607e-4cfb-a470-5aad0f8993f4,4ec34f34-97f9-44b5-bc53-1a321aaaaa31,"<img src=""assets/img/d25ba43e-607e-4cfb-a470-5aad0f8993f4.png"" alt=""tacton image"" />",3,1,jumping on clouds,cloud_jump,1,2458,-,-,-,0,-,
26a33f40-74c4-45dc-9424-498eeaf56b89,4ec34f34-97f9-44b5-bc53-1a321aaaaa31,"<img src=""assets/img/26a33f40-74c4-45dc-9424-498eeaf56b89.png"" alt=""tacton image"" />",3,1,jumping on clouds,cloud_jump,2,5520,-,-,-,0,-,
64c6c0dd-9aa7-4c32-8fd6-39541505eb4a,4ec34f34-97f9-44b5-bc53-1a321aaaaa31,"<img src=""assets/img/64c6c0dd-9aa7-4c32-8fd6-39541505eb4a.png"" alt=""tacton image"" />",3,1,jumping on clouds,cloud_jump,3,2101,-,-,-,0,-,
0da3a9d1-4755-4891-8c5c-39dc73f55ef4,4ec34f34-97f9-44b5-bc53-1a321aaaaa31,"<img src=""assets/img/0da3a9d1-4755-4891-8c5c-39dc73f55ef4.png"" alt=""tacton image"" />",3,1,jumping on clouds,cloud_jump,4,8906,-,-,-,0,-,
a43af415-7ab0-45f8-80ca-be8d6bcaacb3,4ec34f34-97f9-44b5-bc53-1a321aaaaa31,"<img src=""assets/img/a43af415-7ab0-45f8-80ca-be8d6bcaacb3.png"" alt=""tacton image"" />",3,1,jumping on clouds,cloud_jump,5,9350,-,-,-,0,-,
78c217bc-ebc8-46bc-9377-302543a34624,4ec34f34-97f9-44b5-bc53-1a321aaaaa31,"<img src=""assets/img/78c217bc-ebc8-46bc-9377-302543a34624.png"" alt=""tacton image"" />",3,1,jumping on clouds,cloud_jump,6,10000,-,-,-,0,-,Empty
c5fa45cd-4651-4026-b6d7-4528444179d3,4ec34f34-97f9-44b5-bc53-1a321aaaaa31,"<img src=""assets/img/c5fa45cd-4651-4026-b6d7-4528444179d3.png"" alt=""tacton image"" />",3,1,jumping on clouds,cloud_jump,7,8895,-,-,-,0,-,
601cd2ad-d0a8-4aef-8fc8-47ea1bb913b5,4ec34f34-97f9-44b5-bc53-1a321aaaaa31,"<img src=""assets/img/601cd2ad-d0a8-4aef-8fc8-47ea1bb913b5.png"" alt=""tacton image"" />",3,1,jumping on clouds,cloud_jump,8,9036,-,-,-,0,-,
81eaff8d-f47f-4ec0-94ec-cb43e26c0b22,4ec34f34-97f9-44b5-bc53-1a321aaaaa31,"<img src=""assets/img/81eaff8d-f47f-4ec0-94ec-cb43e26c0b22.png"" alt=""tacton image"" />",3,1,jumping on clouds,cloud_jump,9,7625,-,-,-,0,-,
d024eb80-b4d5-4a14-ad00-dbf2f9490217,4ec34f34-97f9-44b5-bc53-1a321aaaaa31,"<img src=""assets/img/d024eb80-b4d5-4a14-ad00-dbf2f9490217.png"" alt=""tacton image"" />",3,1,jumping on clouds,cloud_jump,10,7527,"the cloud jumping is very soft (low amplitude) and subtle (gradient). The jump in the air is relatively more powerful, so higher amplitude but short duration. the climbing on the wall is high amplitude and multi channel because it means there is strong friction","we wanted to make the cloud softer and more gradient, but it is not possible to post-edit the amplitude",-,1,-,
69b4a29d-dd34-4fa9-bc10-fbf5ea9e7401,4ec34f34-97f9-44b5-bc53-1a321aaaaa41,"<img src=""assets/img/69b4a29d-dd34-4fa9-bc10-fbf5ea9e7401.png"" alt=""tacton image"" />",4,4,jumping on clouds,t2_jump_clouds,2,7028,both feet simultaneously. higher intensity on clouds than mid air,"actuators on top of feet, left and right, each two.",-,1,"leftTopof Foot,rightTopofFoot",
046dc562-99cc-47b5-ab39-da8411f2ab53,4ec34f34-97f9-44b5-bc53-1a321aaaaa41,"<img src=""assets/img/046dc562-99cc-47b5-ab39-da8411f2ab53.png"" alt=""tacton image"" />",4,4,jumping on clouds,t2_jump_clouds_improved,1,4250,-,-,-,0,-,
75e5b34e-7baa-4397-8256-d80eb26812e1,4ec34f34-97f9-44b5-bc53-1a321aaaaa41,"<img src=""assets/img/75e5b34e-7baa-4397-8256-d80eb26812e1.png"" alt=""tacton image"" />",4,4,jumping on clouds,t2_jump_clouds_improved,2,1751,-,-,-,0,-,
1abb66cc-b963-4bde-bc6a-653f3af157f6,4ec34f34-97f9-44b5-bc53-1a321aaaaa41,"<img src=""assets/img/1abb66cc-b963-4bde-bc6a-653f3af157f6.png"" alt=""tacton image"" />",4,1,mario,Mario Gustav Test 1,1,8333,-,-,-,0,-,
33a8c649-aa84-445d-bdaf-20babdd7a9f1,4ec34f34-97f9-44b5-bc53-1a321aaaaa42,"<img src=""assets/img/33a8c649-aa84-445d-bdaf-20babdd7a9f1.png"" alt=""tacton image"" />",4,1,mario,mario_prompt,1,8600,-,-,-,0,-,
56d4a4a7-9ad6-4266-9a7f-a3e924a30ef3,4ec34f34-97f9-44b5-bc53-1a321aaaaa42,"<img src=""assets/img/56d4a4a7-9ad6-4266-9a7f-a3e924a30ef3.png"" alt=""tacton image"" />",4,1,mario,mario_prompt,2,7567,-,-,-,0,-,
a6dc290e-6b28-4a4e-bcf6-0388ea7c59f1,4ec34f34-97f9-44b5-bc53-1a321aaaaa42,"<img src=""assets/img/a6dc290e-6b28-4a4e-bcf6-0388ea7c59f1.png"" alt=""tacton image"" />",4,1,mario,mario_prompt,3,8057,-,-,-,0,-,
9aee6f55-ab2d-4529-8d21-ed5e173d037f,4ec34f34-97f9-44b5-bc53-1a321aaaaa32,"<img src=""assets/img/9aee6f55-ab2d-4529-8d21-ed5e173d037f.png"" alt=""tacton image"" />",3,1,mario,team_3-p_1,3,7673,-,-,-,0,-,
f8edabc6-d850-43cd-ab1f-0417d5b3484c,4ec34f34-97f9-44b5-bc53-1a321aaaaa32,"<img src=""assets/img/f8edabc6-d850-43cd-ab1f-0417d5b3484c.png"" alt=""tacton image"" />",3,1,mario,team_3-p_1,4,347,-,-,-,0,-,
692e171b-3c35-4df7-9aaa-f2c34502041a,4ec34f34-97f9-44b5-bc53-1a321aaaaa32,"<img src=""assets/img/692e171b-3c35-4df7-9aaa-f2c34502041a.png"" alt=""tacton image"" />",3,1,mario,team_3-p_1,5,9347,-,-,-,0,-,
eb21a049-3429-47e7-81ce-4c120f58fa0b,4ec34f34-97f9-44b5-bc53-1a321aaaaa32,"<img src=""assets/img/eb21a049-3429-47e7-81ce-4c120f58fa0b.png"" alt=""tacton image"" />",3,1,mario,team_3-p_1,6,8201,-,-,-,0,-,
9f2edcde-daaa-40b3-8c9d-185745ace1f9,4ec34f34-97f9-44b5-bc53-1a321aaaaa32,"<img src=""assets/img/9f2edcde-daaa-40b3-8c9d-185745ace1f9.png"" alt=""tacton image"" />",3,1,mario,team_3-p_1,7,7744,-,-,-,0,-,
028e8a6b-f239-4d07-b827-bc259ead3479,4ec34f34-97f9-44b5-bc53-1a321aaaaa31,"<img src=""assets/img/028e8a6b-f239-4d07-b827-bc259ead3479.png"" alt=""tacton image"" />",3,1,mario,team_3-p_1,8,9633,"when running and doing small jumps, there is less intense and gradient vibration. when hitting the coins, there is strong vibrations from multiple channels. when there is multiple coins, there is even stronger vibration on all channels (final)",-,-,0,-,
f66156ad-4fbe-453b-9df1-2a46fd7ce510,4ec34f34-97f9-44b5-bc53-1a321aaaaa32,"<img src=""assets/img/f66156ad-4fbe-453b-9df1-2a46fd7ce510.png"" alt=""tacton image"" />",3,1,mario,team_3-p_1,2,6437,"when running and doing small jumps, there is less intense and gradient vibration. when hitting the coins, there is strong vibrations from multiple channels. when there is multiple coins, there is even stronger vibration on all channels",-,-,0,-,
da8d9acf-ac6a-4983-b6c8-3553eb65e072,4ec34f34-97f9-44b5-bc53-1a321aaaaa21,"<img src=""assets/img/da8d9acf-ac6a-4983-b6c8-3553eb65e072.png"" alt=""tacton image"" />",2,3,petting a dog,petting a dog,2,2430,"The hand stroking a dog has the actuators attached to the thumb (1), index finger (2), ring finger (3) and side of the palm near the base of the little finger, to have a distributed sense overall the hand touching the fur of the dog. I started by using the thumb as a first vibration point, but it quickly felt unnatural, as the index finger feels like the most prominent place of touch (most sensory data to brain?). 


the vibration could be even more gentle than the lowest setting",-,right hand,0,-,
eed985d4-76fe-416d-ae81-4ca28c3a044d,4ec34f34-97f9-44b5-bc53-1a321aaaaa11,"<img src=""assets/img/eed985d4-76fe-416d-ae81-4ca28c3a044d.png"" alt=""tacton image"" />",1,2,petting a dog,petting a dog,1,3871,I wanted to create first a small petting and than 3 short strong pettings,-,-,0,-,
9c1f3426-2dd5-4942-bfb5-3719f93a603c,4ec34f34-97f9-44b5-bc53-1a321aaaaa32,"<img src=""assets/img/9c1f3426-2dd5-4942-bfb5-3719f93a603c.png"" alt=""tacton image"" />",3,4,using a powerwash,petting_a_dog,5,5341,-,-,-,0,-,
802c0abc-03a4-4c64-a1e2-17ba4e1c79fa,4ec34f34-97f9-44b5-bc53-1a321aaaaa32,"<img src=""assets/img/802c0abc-03a4-4c64-a1e2-17ba4e1c79fa.png"" alt=""tacton image"" />",3,3,petting a dog,petting_a_dog,1,9730,-,-,-,0,-,
4f5a9680-a4db-4832-b602-9c26c03e60d7,4ec34f34-97f9-44b5-bc53-1a321aaaaa32,"<img src=""assets/img/4f5a9680-a4db-4832-b602-9c26c03e60d7.png"" alt=""tacton image"" />",3,3,petting a dog,petting_a_dog,2,6093,-,-,-,0,-,
2051ca15-a4f4-4f7d-ab14-7084f448390b,4ec34f34-97f9-44b5-bc53-1a321aaaaa31,"<img src=""assets/img/2051ca15-a4f4-4f7d-ab14-7084f448390b.png"" alt=""tacton image"" />",3,3,petting a dog,petting_a_dog,3,6159,-,-,-,0,-,
5082fc5e-ca7c-49d6-95b1-d921386bb7e8,4ec34f34-97f9-44b5-bc53-1a321aaaaa32,"<img src=""assets/img/5082fc5e-ca7c-49d6-95b1-d921386bb7e8.png"" alt=""tacton image"" />",3,4,-,petting_a_dog,4,9778,-,-,-,0,-,
257934fb-d6bd-4e9f-9865-0ee1862937f3,4ec34f34-97f9-44b5-bc53-1a321aaaaa31,"<img src=""assets/img/257934fb-d6bd-4e9f-9865-0ee1862937f3.png"" alt=""tacton image"" />",3,3,petting a dog,petting_gaby,1,9858,-,-,-,0,-,
3e3d8966-ca88-4e75-a98f-305f04316180,4ec34f34-97f9-44b5-bc53-1a321aaaaa21,"<img src=""assets/img/3e3d8966-ca88-4e75-a98f-305f04316180.png"" alt=""tacton image"" />",2,4,petting a dog,t2_t3_petting_a_dog,1,8218,"we designed the tactons from the dog perspective. we placed the actuators in line starting with the actuator 1 near the shoulder, the 2 in the middle, 3 on the wrist and 4 on the hand. the pattern is divided in  to two sections, the first one is similuating when the human character is tapping on the dog leg and the second part when the character is sliing his hand along the dog's leg",we weren't able to explore the ease in and ease out effect because it is hard to change the amplitude. we also wanted to explore in the leg or on the side of the upper torso.,"right forearm,right hand,right upper arm",1,-,
b93ab479-77f1-47e2-ad9b-34f9838e6237,4ec34f34-97f9-44b5-bc53-1a321aaaaa21,"<img src=""assets/img/b93ab479-77f1-47e2-ad9b-34f9838e6237.png"" alt=""tacton image"" />",2,4,petting a dog,t2_t3_petting_dog_v1,1,6541,"we wanted to simulate being the dog as well, but the placement should have been more on the shoulder instead of the whole arm. this way it feels more like a area pat on the dog's flanks and some scratching of the fur. the patting motion is conveyed through all actuators simultaneously while the first strokes ""move"" over the shoulder from front to back","still a bit too abrupt but overall the placement feels more fitting, smaller area on not so sensitive area of the upper shoulder",right shoulder,0,-,
aff3073a-a1f4-4f55-971a-c679acf39b31,f872f481-2b34-45cb-8c66-911bed6a13b3,"<img src=""assets/img/aff3073a-a1f4-4f55-971a-c679acf39b31.png"" alt=""tacton image"" />",3,3,petting a dog,t3_petting_a_dog,1,4299,"we designed the tactons from the dog perspective. we placed the actuators in line starting with the actuator 1 near the shoulder, the 2 in the middle, 3 on the wrist and 4 on the hand. the pattern is divided in  to two sections, the first one is similuating when the human character is tapping on the dog leg and the second part when the character is sliing his hand along the dog's leg",we weren't able to explore the ease in and ease out effect because it is hard to change the amplitude. we also wanted to explore in the leg or on the side of the upper torso.,"right forearm,right hand,right upper arm",1,-,REVIEW TACTON T3-S3-3
f48d90f3-d3a7-47d9-ab2d-f09e67fc01f9,4ec34f34-97f9-44b5-bc53-1a321aaaaa12,"<img src=""assets/img/f48d90f3-d3a7-47d9-ab2d-f09e67fc01f9.png"" alt=""tacton image"" />",1,2,raising an anchor,Anchor,1,6442,A certain rhythm that the wheel is being pushed and the resulting feeling on the palm,"three actuators (palm too small for the 4th), the middle one glued with tape",left hand,0,palm,
867e39a0-e9fb-4b6e-bd40-9d0f581080b7,4ec34f34-97f9-44b5-bc53-1a321aaaaa11,"<img src=""assets/img/867e39a0-e9fb-4b6e-bd40-9d0f581080b7.png"" alt=""tacton image"" />",1,2,raising an anchor,Anchor 2,1,3594,-,-,-,0,-,
d9bcc71a-8daa-4727-96fb-a52682cfd531,4ec34f34-97f9-44b5-bc53-1a321aaaaa43,"<img src=""assets/img/d9bcc71a-8daa-4727-96fb-a52682cfd531.png"" alt=""tacton image"" />",4,2,raising an anchor,Gustav Anchor,1,6787,including the pushing motion combined with pressure on the arm as well as the shoulder / neck,"shoulder fells very interesting, very unusual/unknown  haptic feedback","left shoulder,left forearm",0,-,
0bb02651-6012-40ab-9220-d72558f16066,4ec34f34-97f9-44b5-bc53-1a321aaaaa42,"<img src=""assets/img/0bb02651-6012-40ab-9220-d72558f16066.png"" alt=""tacton image"" />",4,2,sliding on a zipline,zipline,2,6960,mimic the vibration of the zipline in the hands,"only two actuators, one on each back of the hand","left hand,right hand",0,-,
62a1f77d-1956-474e-9619-450389f06cf2,4ec34f34-97f9-44b5-bc53-1a321aaaaa21,"<img src=""assets/img/62a1f77d-1956-474e-9619-450389f06cf2.png"" alt=""tacton image"" />",2,3,sliding_down,2sliding down,1,3533,-,-,-,0,-,
6400483a-cc77-4c0f-a741-116485e8b33b,4ec34f34-97f9-44b5-bc53-1a321aaaaa21,"<img src=""assets/img/6400483a-cc77-4c0f-a741-116485e8b33b.png"" alt=""tacton image"" />",2,3,sliding_down,2sliding down,2,6412,"continous skying like experience with both legs in the sand, but on variying intensity between each foot. constant resistance of the sand is felt.","actuators are placed on the inside and outside of each top of foot in the direction of the ankle. 1: left foot little toe side, 2: left foot big toe side, 3 right foot big toe side, 4 right foot little toe side",-,1,"leftTopof Foot,rightTopofFoot",REVIEW TACTON T2-S3-1
fd8de1df-9468-468e-9adb-1793b538523b,4ec34f34-97f9-44b5-bc53-1a321aaaaa31,"<img src=""assets/img/fd8de1df-9468-468e-9adb-1793b538523b.png"" alt=""tacton image"" />",3,2,sliding on a zipline,sliding_gabt,1,8194,i place the tactons on my palms so i can feel the zip line. i tried to mimic this sensations and also the one when the character step on the grass,-,"right hand,left hand",0,-,
61c15378-23bc-43f9-bea2-1faa485df973,4ec34f34-97f9-44b5-bc53-1a321aaaaa41,"<img src=""assets/img/61c15378-23bc-43f9-bea2-1faa485df973.png"" alt=""tacton image"" />",4,4,sliding_down,t2_sliding_down,2,6412,"continous skying like experience with both legs in the sand, but on variying intensity between each foot. constant resistance of the sand is felt.","actuators are placed on the inside and outside of each top of foot in the direction of the ankle. 1: left foot little toe side, 2: left foot big toe side, 3 right foot big toe side, 4 right foot little toe side",-,1,"leftTopof Foot,rightTopofFoot",
d104dcfe-3ab0-4a34-af5c-097a8c2c74e9,4ec34f34-97f9-44b5-bc53-1a321aaaaa41,"<img src=""assets/img/d104dcfe-3ab0-4a34-af5c-097a8c2c74e9.png"" alt=""tacton image"" />",4,4,sliding_down,t2_sliding_down,3,6412,"continous skying like experience with both legs in the sand, but on variying intensity between each foot. constant resistance of the sand is felt.","actuators are placed on the inside and outside of each top of foot in the direction of the ankle. 1: left foot little toe side, 2: left foot big toe side, 3 right foot big toe side, 4 right foot little toe side",-,1,"leftTopof Foot,rightTopofFoot",
a3b123a7-ce5e-4068-a34f-ca2ff9a48116,4ec34f34-97f9-44b5-bc53-1a321aaaaa41,"<img src=""assets/img/a3b123a7-ce5e-4068-a34f-ca2ff9a48116.png"" alt=""tacton image"" />",4,4,sliding_down,t2_sliding_down,4,5737,"continous skying like experience with both legs in the sand, but on variying intensity between each foot. constant resistance of the sand is felt, 2 tactons on the shins to simulate sand sprinkling onto your legs","actuators are placed on the inside and outside of each top of foot in the direction of the ankle. 1: left foot little toe side, 4 right foot little toe side, 2 on the left shin, 3 on the right shin","left lower leg,right lower leg",1,"leftTopof Foot,rightTopofFoot",
1806e3ea-d63d-48b3-87a9-e16fa8639d1a,4ec34f34-97f9-44b5-bc53-1a321aaaaa42,"<img src=""assets/img/1806e3ea-d63d-48b3-87a9-e16fa8639d1a.png"" alt=""tacton image"" />",4,2,sliding on a zipline,zipline,1,7565,-,-,-,0,-,
de4e32de-41c6-4359-847b-c72aa09e1b3f,4ec34f34-97f9-44b5-bc53-1a321aaaaa42,"<img src=""assets/img/de4e32de-41c6-4359-847b-c72aa09e1b3f.png"" alt=""tacton image"" />",4,2,sliding on a zipline,zipline 1,1,6174,mimic the vibration of the zipline on the hands,-,-,0,-,
5cc3a0e2-49e4-4db7-9257-9472d0f1f9fb,4ec34f34-97f9-44b5-bc53-1a321aaaaa31,"<img src=""assets/img/5cc3a0e2-49e4-4db7-9257-9472d0f1f9fb.png"" alt=""tacton image"" />",3,2,spaceship,landing_spaceship,1,9998,-,-,-,0,-,
1deffc6f-a07e-4df9-9fa1-d9d0ad89c866,4ec34f34-97f9-44b5-bc53-1a321aaaaa31,"<img src=""assets/img/1deffc6f-a07e-4df9-9fa1-d9d0ad89c866.png"" alt=""tacton image"" />",3,2,spaceship,landing_spaceship,2,9968,-,-,-,0,-,
d5ee03d4-a72e-474c-ab33-f6c3eb98bbbe,4ec34f34-97f9-44b5-bc53-1a321aaaaa31,"<img src=""assets/img/d5ee03d4-a72e-474c-ab33-f6c3eb98bbbe.png"" alt=""tacton image"" />",3,2,spaceship,landing_spaceship,3,9566,-,-,-,0,-,
aec1234a-f4c5-4d52-b4ac-bc60e003717a,4ec34f34-97f9-44b5-bc53-1a321aaaaa31,"<img src=""assets/img/aec1234a-f4c5-4d52-b4ac-bc60e003717a.png"" alt=""tacton image"" />",3,2,spaceship,landing_spaceship,4,6331,-,-,-,0,-,
d5c5ad9f-b22c-4a2b-8888-816bd3874f8c,4ec34f34-97f9-44b5-bc53-1a321aaaaa31,"<img src=""assets/img/d5c5ad9f-b22c-4a2b-8888-816bd3874f8c.png"" alt=""tacton image"" />",3,2,spaceship,landing_spaceship,5,8930,-,-,-,0,-,
85b72a59-2443-40be-a0b5-3e0e93bda9ac,4ec34f34-97f9-44b5-bc53-1a321aaaaa31,"<img src=""assets/img/85b72a59-2443-40be-a0b5-3e0e93bda9ac.png"" alt=""tacton image"" />",3,2,spaceship,landing_spaceship,6,3499,-,-,-,0,-,
8e31ab01-b3ea-40a9-a3dc-e3ab9eccf625,4ec34f34-97f9-44b5-bc53-1a321aaaaa31,"<img src=""assets/img/8e31ab01-b3ea-40a9-a3dc-e3ab9eccf625.png"" alt=""tacton image"" />",3,2,spaceship,landing_spaceship,7,10001,"we intended to express the bouncing of the spaceship at the beginning of the landing process, then we designed for the last stage and landing itself.",we placed the actuators on our arms/palms to simulate that we are in control of the spaceship's handle,"left hand,right hand,right upper arm,left upper arm",1,-,REVIEW TACTON T3-S3-2
1d1daf72-a3f1-4a9c-a995-9190a70edc3a,4ec34f34-97f9-44b5-bc53-1a321aaaaa11,"<img src=""assets/img/1d1daf72-a3f1-4a9c-a995-9190a70edc3a.png"" alt=""tacton image"" />",1,2,spaceship landing control,spaceship control,1,4280,the rhythm of docking and bumping from the ground,"backside of hands, maybe place a 4th actuator in palm",left hand,0,-,
6c4a4e36-7086-4438-85e5-c8b8b22c1d20,4ec34f34-97f9-44b5-bc53-1a321aaaaa41,"<img src=""assets/img/6c4a4e36-7086-4438-85e5-c8b8b22c1d20.png"" alt=""tacton image"" />",4,3,split screen actions,splitscreen,1,8946,"it is meant for two players, one has actuators 1 and 2 and the other has 3 and 4
player 1 is the left side of the screen to simulate the claustrophobic tube
player 2 is on the right side and is supposed to simulate the heavzylifting","1 and 2 on either side of the face at ezebrow level
3 and 4 at the hands inside","head,right hand,left hand",1,-,REVIEW TACTON T4-S3-3
502bebcc-c7e5-4d65-ad9a-4039702e5ac5,4ec34f34-97f9-44b5-bc53-1a321aaaaa31,"<img src=""assets/img/502bebcc-c7e5-4d65-ad9a-4039702e5ac5.png"" alt=""tacton image"" />",3,2,time is running out,time is running out,1,9915,-,-,-,0,-,
829dd05b-b8f0-413c-916c-bcc4f416fba9,4ec34f34-97f9-44b5-bc53-1a321aaaaa31,"<img src=""assets/img/829dd05b-b8f0-413c-916c-bcc4f416fba9.png"" alt=""tacton image"" />",3,2,time is running out,time is running out,2,9480,-,-,-,0,-,
b258c82c-c12f-43cf-8111-337f151d01fe,4ec34f34-97f9-44b5-bc53-1a321aaaaa31,"<img src=""assets/img/b258c82c-c12f-43cf-8111-337f151d01fe.png"" alt=""tacton image"" />",3,2,time is running out,time is running out,3,9480,"we placed tactons on our forehead, chest and left and right arms. the video looks very hectic with multiple chopping tasks. so we have very short but frequent vibration at the start in the left and right arm. Then when the time is slowly running out we add short intense vibration in the forehead and chest. The chest and forehead vibration really gives a sense of anxiety when we tried it on, very wierd. when it is final 3 seconds count down we make it very strong, and long, in forehead and chest, and then all of the places.","3 and 4 are in left and right hand. 1 is in the chest (right below neck), and.2 is in the forehead.","head,left hand,right hand,chest",1,-,REVIEW TACTON T3-S3-4
be0ba339-31fa-481f-afa3-8b5566c83194,4ec34f34-97f9-44b5-bc53-1a321aaaaa11,"<img src=""assets/img/be0ba339-31fa-481f-afa3-8b5566c83194.png"" alt=""tacton image"" />",1,3,time is running out,time is runnung,1,766,-,-,-,0,-,Probably just a test/accidental recording
248766d5-2937-4eb7-90f2-9b267a287870,4ec34f34-97f9-44b5-bc53-1a321aaaaa11,"<img src=""assets/img/248766d5-2937-4eb7-90f2-9b267a287870.png"" alt=""tacton image"" />",1,3,time is running out,time is runnung,2,810,-,-,-,0,-,Probably just a test/accidental recording
940dd00f-4972-4035-bf73-00d565b117e5,4ec34f34-97f9-44b5-bc53-1a321aaaaa11,"<img src=""assets/img/940dd00f-4972-4035-bf73-00d565b117e5.png"" alt=""tacton image"" />",1,3,time is running out,time is runnung,3,9960,-,-,-,0,-,
1ae6be7d-5107-46f9-9e76-0a01c919147c,4ec34f34-97f9-44b5-bc53-1a321aaaaa11,"<img src=""assets/img/1ae6be7d-5107-46f9-9e76-0a01c919147c.png"" alt=""tacton image"" />",1,3,time is running out,time is runnung,4,10002,-,-,-,0,-,
63f15829-e8bc-4bd7-8830-9069cdbd3be4,4ec34f34-97f9-44b5-bc53-1a321aaaaa11,"<img src=""assets/img/63f15829-e8bc-4bd7-8830-9069cdbd3be4.png"" alt=""tacton image"" />",1,3,time is running out,time is runnung,5,10002,-,-,-,0,-,
dec1a6ec-219a-4c0b-a7d6-a7946c6fcd63,4ec34f34-97f9-44b5-bc53-1a321aaaaa11,"<img src=""assets/img/dec1a6ec-219a-4c0b-a7d6-a7946c6fcd63.png"" alt=""tacton image"" />",1,3,time is running out,time is runnung,6,10002,-,-,-,0,-,
42ac74fa-6c8b-44e5-b709-8410d923c0e2,4ec34f34-97f9-44b5-bc53-1a321aaaaa11,"<img src=""assets/img/42ac74fa-6c8b-44e5-b709-8410d923c0e2.png"" alt=""tacton image"" />",1,3,time is running out,time is runnung,7,9458,-,-,-,0,-,
947f54d5-62dd-4fa0-8c50-6f8f3649a714,4ec34f34-97f9-44b5-bc53-1a321aaaaa11,"<img src=""assets/img/947f54d5-62dd-4fa0-8c50-6f8f3649a714.png"" alt=""tacton image"" />",1,3,time is running out,time is runnung,8,10002,-,-,-,0,-,
d0f79f0e-597c-4314-b2da-a503f729045a,4ec34f34-97f9-44b5-bc53-1a321aaaaa11,"<img src=""assets/img/d0f79f0e-597c-4314-b2da-a503f729045a.png"" alt=""tacton image"" />",1,3,time is running out,time is runnung,9,165,-,-,-,0,-,Probably just a test/accidental recording
bd110051-b569-41b1-8871-e74ddf6d2e34,4ec34f34-97f9-44b5-bc53-1a321aaaaa11,"<img src=""assets/img/bd110051-b569-41b1-8871-e74ddf6d2e34.png"" alt=""tacton image"" />",1,3,time is running out,time is runnung,10,173,-,-,-,0,-,Probably just a test/accidental recording
c69afd7b-4d14-4f24-8b09-1c6baa9eda15,4ec34f34-97f9-44b5-bc53-1a321aaaaa11,"<img src=""assets/img/c69afd7b-4d14-4f24-8b09-1c6baa9eda15.png"" alt=""tacton image"" />",1,3,time is running out,time is runnung,11,9773,-,-,-,0,-,
e23ab370-e030-489f-8592-e494cd9fa086,4ec34f34-97f9-44b5-bc53-1a321aaaaa11,"<img src=""assets/img/e23ab370-e030-489f-8592-e494cd9fa086.png"" alt=""tacton image"" />",1,3,time is running out,time is runnung,12,10000,-,-,-,0,-,
f95484f1-8ab2-4661-98e5-588dce9a5cbc,4ec34f34-97f9-44b5-bc53-1a321aaaaa11,"<img src=""assets/img/f95484f1-8ab2-4661-98e5-588dce9a5cbc.png"" alt=""tacton image"" />",1,3,time is running out,time is runnung,13,9904,-,-,-,0,-,
ca2c3f2c-697d-4cf9-bd2b-a3b6b7f5a1fd,4ec34f34-97f9-44b5-bc53-1a321aaaaa11,"<img src=""assets/img/ca2c3f2c-697d-4cf9-bd2b-a3b6b7f5a1fd.png"" alt=""tacton image"" />",1,3,time is running out,time is runnung,14,3497,-,-,-,0,-,
05fcdc00-f41e-4a3c-996a-1cbb03ae1953,4ec34f34-97f9-44b5-bc53-1a321aaaaa11,"<img src=""assets/img/05fcdc00-f41e-4a3c-996a-1cbb03ae1953.png"" alt=""tacton image"" />",1,3,time is running out,time is runnung,15,3480,-,-,-,0,-,
13066a3f-bf26-4d6d-a186-e28ffcbe272f,4ec34f34-97f9-44b5-bc53-1a321aaaaa11,"<img src=""assets/img/13066a3f-bf26-4d6d-a186-e28ffcbe272f.png"" alt=""tacton image"" />",1,3,time is running out,time is runnung,16,8525,"we wanted to have a signal that increses the stress level, by getting faster and decrease.",we found that the change between both hands with iterating a tackt works very well.,"right upper arm,right forearm,left upper arm,left forearm",1,-,REVIEW TACTON T1-S3-1
1792ab44-c324-42da-8697-b9b6c0793d85,4ec34f34-97f9-44b5-bc53-1a321aaaaa42,"<img src=""assets/img/1792ab44-c324-42da-8697-b9b6c0793d85.png"" alt=""tacton image"" />",4,2,using a powerwash,powerwash,1,8766,-,-,-,0,-,
a09eb354-d647-48cb-a656-a6ab059f9ac0,4ec34f34-97f9-44b5-bc53-1a321aaaaa42,"<img src=""assets/img/a09eb354-d647-48cb-a656-a6ab059f9ac0.png"" alt=""tacton image"" />",4,2,using a powerwash,powerwash,2,8985,-,-,-,0,-,
9a48ca07-20ad-4a6e-a9d4-ae0c72e1de99,4ec34f34-97f9-44b5-bc53-1a321aaaaa42,"<img src=""assets/img/9a48ca07-20ad-4a6e-a9d4-ae0c72e1de99.png"" alt=""tacton image"" />",4,2,using a powerwash,powerwash,3,4852,mimic the recoil of the powerwash on the arm,"actuators are placed along the arm in ascending order


would be better if the top ones could be a bit stronger, the vibration on the shoulder is a bit lower","left hand,left forearm,left upper arm",0,-,
6b6641bd-780c-4df7-8b13-23c4e79907fb,4ec34f34-97f9-44b5-bc53-1a321aaaaa42,"<img src=""assets/img/6b6641bd-780c-4df7-8b13-23c4e79907fb.png"" alt=""tacton image"" />",4,2,using a powerwash,powerwash,4,7040,-,-,-,0,-,
e6e62056-87f7-48d3-acaa-83b522dca0af,4ec34f34-97f9-44b5-bc53-1a321aaaaa42,"<img src=""assets/img/e6e62056-87f7-48d3-acaa-83b522dca0af.png"" alt=""tacton image"" />",4,2,using a powerwash,powerwash,5,849,-,-,-,0,-,
ef870c3b-58f3-4796-a74c-89510a3d3610,4ec34f34-97f9-44b5-bc53-1a321aaaaa42,"<img src=""assets/img/ef870c3b-58f3-4796-a74c-89510a3d3610.png"" alt=""tacton image"" />",4,2,using a powerwash,powerwash,6,6067,-,-,-,0,-,
599b57b3-6cd3-43f1-8649-e515c947b4b2,4ec34f34-97f9-44b5-bc53-1a321aaaaa42,"<img src=""assets/img/599b57b3-6cd3-43f1-8649-e515c947b4b2.png"" alt=""tacton image"" />",4,2,using a powerwash,powerwash,7,8268,tried to mimic the way water splashes around and in your face.,"the vibration on the face makes more sound that feeling, so it does not work that well
1 is on the back of the hand
3 is on the forearm
2 and 4 on my face, anywhere except the mouth or eyes i think","head,left upper arm,left forearm",0,-,
4b51035d-2885-4c24-8daf-37c152f5b1b9,4ec34f34-97f9-44b5-bc53-1a321aaaaa41,"<img src=""assets/img/4b51035d-2885-4c24-8daf-37c152f5b1b9.png"" alt=""tacton image"" />",4,2,using a powerwash,powerwash,8,8509,"tried to mimic the way water splashes around and in your face.
added the recoil of the powerwash with 3 and 1","the vibration on the face makes more sound that feeling, so it does not work that well
1 is on the back of the left hand
3 is in the palm of the right hand
2 on the right forearm
4 on my face, anywhere except the mouth or eyes i think","head,left hand,right hand,right forearm",1,-,
b5b174bb-b755-4860-ae79-c5725901139b,4ec34f34-97f9-44b5-bc53-1a321aaaaa33,"<img src=""assets/img/b5b174bb-b755-4860-ae79-c5725901139b.png"" alt=""tacton image"" />",3,4,using a powerwash,t1_using_a_powerwash,4,2798,"showcase the water running through the device, taking the forearm as a reference resembling the pipe.","three actuators places on the forearm (no 1 closest to the ellbow), one actuator placed on the palm near the bottom of the thumb, the actuators are placed in a zick-zack pattern and not in a straight line to resemble the power washer going back and forth","right forearm,right hand",1,palm,
195b287f-ed96-4651-bdf0-ff494af7b830,4ec34f34-97f9-44b5-bc53-1a321aaaaa11,"<img src=""assets/img/195b287f-ed96-4651-bdf0-ff494af7b830.png"" alt=""tacton image"" />",1,3,using a powerwash,using a powerwash,1,6170,-,-,-,0,-,
ac4e14e6-42dd-4385-bde1-a3100d9d6cf1,4ec34f34-97f9-44b5-bc53-1a321aaaaa11,"<img src=""assets/img/ac4e14e6-42dd-4385-bde1-a3100d9d6cf1.png"" alt=""tacton image"" />",1,3,using a powerwash,using a powerwash,2,1676,-,-,-,0,-,
28ebb8c1-5742-414c-86a9-ca4e82223e83,4ec34f34-97f9-44b5-bc53-1a321aaaaa11,"<img src=""assets/img/28ebb8c1-5742-414c-86a9-ca4e82223e83.png"" alt=""tacton image"" />",1,3,using a powerwash,using a powerwash,3,1399,-,-,-,0,-,
38e7cf6f-c255-4df2-b75b-1c54e4ebd460,4ec34f34-97f9-44b5-bc53-1a321aaaaa11,"<img src=""assets/img/38e7cf6f-c255-4df2-b75b-1c54e4ebd460.png"" alt=""tacton image"" />",1,3,using a powerwash,using a powerwash,4,1236,-,-,-,0,-,
0741a945-75b4-449a-836c-9fb8491bb8ba,4ec34f34-97f9-44b5-bc53-1a321aaaaa11,"<img src=""assets/img/0741a945-75b4-449a-836c-9fb8491bb8ba.png"" alt=""tacton image"" />",1,3,using a powerwash,using a powerwash,5,1743,-,-,-,0,-,
af87a753-59bb-42ae-bff7-b1df6580a904,4ec34f34-97f9-44b5-bc53-1a321aaaaa11,"<img src=""assets/img/af87a753-59bb-42ae-bff7-b1df6580a904.png"" alt=""tacton image"" />",1,3,using a powerwash,using a powerwash,6,7199,"same os powerwash #9, but with an initial ""loading"" cycle",try faster movement,"right forearm,right hand",1,palm,REVIEW TACTON T1-S3-3
f130560d-0b0e-488f-8180-f8cb769f80ca,4ec34f34-97f9-44b5-bc53-1a321aaaaa11,"<img src=""assets/img/f130560d-0b0e-488f-8180-f8cb769f80ca.png"" alt=""tacton image"" />",1,3,using a powerwash,using a powerwash,7,6633,-,-,-,0,-,
55eaf1f2-dd21-4032-9d91-28be1e997655,4ec34f34-97f9-44b5-bc53-1a321aaaaa11,"<img src=""assets/img/55eaf1f2-dd21-4032-9d91-28be1e997655.png"" alt=""tacton image"" />",1,3,using a powerwash,using a powerwash,8,5738,-,-,-,0,-,
9dcb8263-95b3-4bce-a6ec-2833b85a8a8c,4ec34f34-97f9-44b5-bc53-1a321aaaaa11,"<img src=""assets/img/9dcb8263-95b3-4bce-a6ec-2833b85a8a8c.png"" alt=""tacton image"" />",1,3,using a powerwash,using a powerwash,9,2798,"showcase the water running through the device, taking the forearm as a reference resembling the pipe.","three actuators places on the forearm (no 1 closest to the ellbow), one actuator placed on the palm near the bottom of the thumb, the actuators are placed in a zick-zack pattern and not in a straight line to resemble the power washer going back and forth","right forearm,right hand",1,palm,REVIEW TACTON T1-S3-2
24ffc675-ba85-4697-b3e7-3881f558e429,4ec34f34-97f9-44b5-bc53-1a321aaaaa11,"<img src=""assets/img/24ffc675-ba85-4697-b3e7-3881f558e429.png"" alt=""tacton image"" />",1,3,using a powerwash,using a powerwash,10,2798,-,-,-,0,-,
cdf045eb-0d2d-4b5c-b272-849372fbf049,4ec34f34-97f9-44b5-bc53-1a321aaaaa41,"<img src=""assets/img/cdf045eb-0d2d-4b5c-b272-849372fbf049.png"" alt=""tacton image"" />",4,1,walking,mario_prompt,4,8159,Mario doing a loop and bouncing on the stones,-,left forearm,0,-,
77671314-7bda-4d2c-8e0e-74d6d31cacb9,4ec34f34-97f9-44b5-bc53-1a321aaaaa41,"<img src=""assets/img/77671314-7bda-4d2c-8e0e-74d6d31cacb9.png"" alt=""tacton image"" />",4,1,walking,mario_prompt overdub,1,8159,Mario doing a loop and bouncing on the stones,-,left forearm,0,-,
27e2cf0d-8ae4-49c4-b86d-fe221b09d205,4ec34f34-97f9-44b5-bc53-1a321aaaaa41,"<img src=""assets/img/27e2cf0d-8ae4-49c4-b86d-fe221b09d205.png"" alt=""tacton image"" />",4,1,walking,team_4,1,4835,Mario is running and jumping,We tried to emphasize the movement and to translate it into vibration. It is not yet sharp and clear enough. If the actuators would be further apart than it would be easier to individualize them.,"left forearm,right forearm",0,Mario,
175395e4-60aa-438b-98c4-77ef9376f32f,4ec34f34-97f9-44b5-bc53-1a321aaaaa43,"<img src=""assets/img/175395e4-60aa-438b-98c4-77ef9376f32f.png"" alt=""tacton image"" />",4,2,walking in strong wind,Gustav Walking,1,6806,"tried to place them where most stress is in the legs, upper thighs
making the exhaustion tangible","fells  weird but good,","left thigh,right thigh",0,-,
